Code,Occupation_Name,Nom_de_la_profession,Employment_emploi_2021,Employment_Growth_croissance_emploi,Retirements_retraites,Other_Replacement_autre_remplacement,Total_Job_Openings_Perspective_d'emploi,School_Leavers_Sortants_scolaires,Immigration, Other_Seekers_autres_chercheurs ,Supply_22_31,Recent_Labour_Market_Conditions,Conditions_récentes_sur_le_marché_du_travail,Future_Labour_Market_Conditions,Conditions_futures_sur_le_marché_du_travail
N0000,All Occupations,Tous les professions,18865400,2841600,3897900,996500,7736000,5476000,2365400,"-475,800",7365600,N/A,N/D,N/A,N/D
SL_A,Occupations usually require university education.,Une formation universitaire caractérise habituellement les professions.,4358400,813400,770800,220500,1804700,1717100,450600,"-434,200",1733400,N/A,N/D,N/A,N/D
SL_B,Occupations usually require college or vocational education or apprenticeship training.,Une formation collégiale ou professionnelle ou un programme d'apprentissage caractérise habituellement les professions.,6372000,1026900,1354400,333900,2715100,1917000,594700,"101,400",2613000,N/A,N/D,N/A,N/D
SL_C,Occupations usually require secondary school and/or occupation-specific training.,Une formation de niveau secondaire et quelques cours de courte durée ou une formation spécifique à la profession,4654700,562500,975000,249900,1787500,1269800,699500,"-324,600",1644700,N/A,N/D,N/A,N/D
SL_D,On-the-job training is usually provided for occupations.,Une formation en cours d'emploi caractérise habituellement les professions,1815700,256400,314300,90900,661500,498400,417400,"-281,700",634100,N/A,N/D,N/A,N/D
SL_M,Management Occupations,Les professions de la gestion,1610100,179000,459500,97700,736200,72000,191000,"447,000",709900,N/A,N/D,N/A,N/D
ST_SM,Legislators and senior management,Cadres supérieurs ,54400,3400,23800,3600,30900,1800,12200,"16,400",30500,N/A,N/D,N/A,N/D
ST_1,"Business, finance and administration occupations","Affaires, finance et administration",3202000,398000,736800,167200,1302000,934000,292900,"-23,500",1203300,N/A,N/D,N/A,N/D
ST_2,Natural and applied sciences and related occupations,Sciences naturelles et appliquées et domaines apparentés,1708600,291100,285200,82700,659000,666700,269700,"-225,000",711400,N/A,N/D,N/A,N/D
ST_3,Health occupations,Secteur de la santé,1511600,382800,269900,75800,728400,589700,154800,"-69,800",674700,N/A,N/D,N/A,N/D
ST_4,"Occupations in education, law and social, community and government services","Enseignement, droit et services sociaux, communautaires et gouvernementaux",2226300,344600,454800,114400,913800,753900,207500,"-127,000",834400,N/A,N/D,N/A,N/D
ST_5,"Occupations in art, culture, recreation and sport","Arts, culture, sports et loisirs",541600,118700,86800,30600,236000,227600,53100,"-70,300",210400,N/A,N/D,N/A,N/D
ST_6,Sales and service occupations,Vente et services,4165400,669000,742700,215700,1627500,1284800,688900,"-378,400",1595200,N/A,N/D,N/A,N/D
ST_7,"Trades, transport and equipment operators and related occupations","Métiers, transport, machinerie et domaines apparentés",2683800,346600,568600,144700,1059900,671900,287800,"11,500",971100,N/A,N/D,N/A,N/D
ST_8,"Natural resources, agriculture and related production occupations","Ressources naturelles, agriculture et production connexe",353700,54700,68400,19900,143000,105900,23100,"10,800",139900,N/A,N/D,N/A,N/D
ST_9,Occupations in manufacturing and utilities,Fabrication et services d'utilité publique,807900,53700,201400,44100,299300,167700,184300,"-67,400",284600,N/A,N/D,N/A,N/D
N0010,Legislators and senior management,Membres des corps législatifs et cadres supérieurs/cadres supérieures,54400,3400,23800,3600,30900,1800,12200,"16,400",30500,BALANCE,À L'ÉQUILIBRE,BALANCE,À L'ÉQUILIBRE
N0111,Financial managers,Directeurs financiers/directrices financières.,74900,10900,19100,3700,33700,5400,8600,"15,800",29800,BALANCE,À L'ÉQUILIBRE,BALANCE,À L'ÉQUILIBRE
N0112,Human resources managers,Directeurs/directrices des ressources humaines.,40600,5400,10600,2200,18200,2900,4200,"13,800",20900,BALANCE,À L'ÉQUILIBRE,BALANCE,À L'ÉQUILIBRE
N0113,"Purchasing managers & Senior managers - health, education, social and community services and membership organizations",Directeurs/directrices des achats; Directeurs/directrices d'autres services administratifs.,16400,1300,5600,1100,8100,500,6700,200,7400,BALANCE,À L'ÉQUILIBRE,BALANCE,À L'ÉQUILIBRE
N0121,"Insurance, real estate and financial brokerage managers","Directeurs/directrices des assurances, de l'immobilier et du courtage financier.",30300,3900,7800,1500,13200,1500,4100,"8,800",14400,BALANCE,À L'ÉQUILIBRE,BALANCE,À L'ÉQUILIBRE
N0122,"Banking, credit and other investment managers","Directeurs/directrices de banque, du crédit et d'autres services de placements.",57900,7600,13200,2900,23700,3800,6600,"12,300",22600,BALANCE,À L'ÉQUILIBRE,BALANCE,À L'ÉQUILIBRE
N0124,"Advertising, marketing and public relations managers & Other business services managers","Directeurs/directrices de la publicité, du marketing et des relations publiques; Directeurs/directrices d'autres services aux entreprises.",52700,7700,12900,2700,23200,3100,13000,"5,700",21800,BALANCE,À L'ÉQUILIBRE,BALANCE,À L'ÉQUILIBRE
N0130,Managers in communication (except broadcasting),Directeurs/directrices des services de communications (sauf la radiotélédiffusion),14800,700,2700,700,4100,800,2100,700,3600,BALANCE,À L'ÉQUILIBRE,BALANCE,À L'ÉQUILIBRE
N0211,Engineering managers & Architecture and science managers,Directeurs/directrices des services de génie; Directeurs/directrices des services d'architecture et de sciences.,43200,10100,10300,2700,23100,2800,4700,"21,300",28800,SHORTAGE,PÉNURIE,SHORTAGE,PÉNURIE
N0213,Computer and information systems managers,Gestionnaires des systèmes informatiques.,72500,20300,18300,4000,42600,4500,11500,"37,400",53400,SHORTAGE,PÉNURIE,SHORTAGE,PÉNURIE
N0311,Managers in health care,Directeurs/directrices des soins de santé.,42500,9900,10800,2200,22900,3100,2100,"18,800",24100,BALANCE,À L'ÉQUILIBRE,BALANCE,À L'ÉQUILIBRE
N0410,Managers in public administration,Directeurs/directrices de la fonction publique,40900,5300,13400,2200,21000,2000,400,"18,300",20700,BALANCE,À L'ÉQUILIBRE,BALANCE,À L'ÉQUILIBRE
N0421,Administrators - post-secondary education and vocational training,Administrateurs/administratrices - enseignement postsecondaire et formation professionnelle  .,17400,2000,4800,1000,7700,900,1900,"4,600",7400,BALANCE,À L'ÉQUILIBRE,BALANCE,À L'ÉQUILIBRE
N0422,School principals and administrators of elementary and secondary education,Directeurs/directrices d'école et administrateurs/administratrices de programmes d'enseignement aux niveaux primaire et secondaire.,28900,600,8900,1400,11000,1000,1100,"9,100",11200,BALANCE,À L'ÉQUILIBRE,BALANCE,À L'ÉQUILIBRE
N0423,"Managers in social, community and correctional services","Directeurs/directrices des services sociaux, communautaires et correctionnels.",38800,7200,13800,2100,23100,2300,1900,"19,700",23900,BALANCE,À L'ÉQUILIBRE,BALANCE,À L'ÉQUILIBRE
N0430,Managers in public protection services,Directeurs/directrices des services de la protection du public,4400,1300,2400,400,4000,0,500,"3,900",4400,BALANCE,À L'ÉQUILIBRE,BALANCE,À L'ÉQUILIBRE
N0510,"Managers in art, culture, recreation and sport","Directeurs/directrices des arts, de la culture, des sports et des loisirs",11300,4200,3600,800,8600,1100,2100,"5,500",8700,BALANCE,À L'ÉQUILIBRE,BALANCE,À L'ÉQUILIBRE
N0601,Corporate sales managers,Directeurs/directrices des ventes corporatives.,16300,1700,3200,900,5900,1100,7400,-3500,4900,BALANCE,À L'ÉQUILIBRE,BALANCE,À L'ÉQUILIBRE
N0621,Retail and wholesale trade managers,Directeurs/directrices - commerce de détail et de gros.,302400,800,99300,17600,117700,11000,45200,"42,800",99000,BALANCE,À L'ÉQUILIBRE,BALANCE,À L'ÉQUILIBRE
N0631,Restaurant and food service managers,Directeurs/directrices de la restauration et des services alimentaires.,101700,9000,23400,5700,38100,3200,30300,"-2,000",31500,BALANCE,À L'ÉQUILIBRE,BALANCE,À L'ÉQUILIBRE
N0632,Accommodation service managers,Directeurs/directrices des services d'hébergement.,56100,14800,25600,5000,45500,1400,4100,"34,900",40400,BALANCE,À L'ÉQUILIBRE,BALANCE,À L'ÉQUILIBRE
N0651,"Managers in customer and personal services, n.e.c.","Directeurs/directrices du service à la clientèle et des services personnels, n.c.a..",17200,2700,4500,1000,8200,1300,3900,"2,600",7900,BALANCE,À L'ÉQUILIBRE,BALANCE,À L'ÉQUILIBRE
N0711,Construction managers,Directeurs/directrices de la construction.,77700,11900,16200,4200,32300,4800,7100,"26,800",38700,BALANCE,À L'ÉQUILIBRE,BALANCE,À L'ÉQUILIBRE
N0712,Home building and renovation managers,Gestionnaires en construction et rénovation domiciliaire,139900,24100,39700,8800,72600,3400,4500,"53,100",61000,BALANCE,À L'ÉQUILIBRE,BALANCE,À L'ÉQUILIBRE
N0714,Facility operation and maintenance managers,Directeurs/directrices de l'exploitation et de l'entretien d'immeubles.,29800,1300,8000,1800,11100,1100,3400,"5,000",9500,BALANCE,À L'ÉQUILIBRE,BALANCE,À L'ÉQUILIBRE
N0731,Managers in transportation,Directeurs/directrices des transports.,26900,5800,6700,1700,14200,1000,3000,"5,700",9700,BALANCE,À L'ÉQUILIBRE,SHORTAGE,PÉNURIE
N0811,Managers in natural resources production and fishing,Directeurs/directrices de l'exploitation des ressources naturelles et de la pêche.,16700,-1000,3900,800,3800,700,800,"2,800",4300,BALANCE,À L'ÉQUILIBRE,BALANCE,À L'ÉQUILIBRE
N0820,"Managers in agriculture, horticulture and aquaculture","Gestionnaires en agriculture, horticulture et en aquaculture",130700,2500,45700,12000,60200,2700,3900,"49,600",56200,BALANCE,À L'ÉQUILIBRE,BALANCE,À L'ÉQUILIBRE
N0910,Managers in manufacturing and utilities,Directeurs/directrices de la fabrication et des services d'utilité publique,107300,7000,24900,6500,38400,4400,5700,"33,400",43500,BALANCE,À L'ÉQUILIBRE,BALANCE,À L'ÉQUILIBRE
N1111,Financial auditors and accountants,Vérificateurs/vérificatrices et comptables.,220200,32900,43400,11700,88000,82900,30400,"-33,400",79800,BALANCE,À L'ÉQUILIBRE,BALANCE,À L'ÉQUILIBRE
N1112,Financial and investment analysts,Analystes financiers/analystes financières et analystes en placements.,73300,11900,8500,3300,23700,38800,10400,"-19,500",29700,BALANCE,À L'ÉQUILIBRE,BALANCE,À L'ÉQUILIBRE
N1113,"Securities agents, investment dealers and brokers","Agents/agentes en valeurs, agents/agentes en placements et négociateurs/négociatrices en valeurs.",20500,2000,3500,1200,6700,6600,2500,"-3,300",5800,BALANCE,À L'ÉQUILIBRE,BALANCE,À L'ÉQUILIBRE
N1114,Other financial officers,Autres agents financiers/agentes financières.,154500,26800,31300,7900,66000,51300,15400,"-5,300",61400,BALANCE,À L'ÉQUILIBRE,BALANCE,À L'ÉQUILIBRE
N1121,Human resources professionals,Professionnels/professionnelles en ressources humaines.,140100,21600,20600,6300,48600,55700,6000,"-15,500",46100,BALANCE,À L'ÉQUILIBRE,BALANCE,À L'ÉQUILIBRE
N1122,Professional occupations in business management consulting,Professionnels/professionnelles des services-conseils en gestion aux entreprises.,115800,26200,35100,7500,68700,34800,14500,"14,400",63800,BALANCE,À L'ÉQUILIBRE,BALANCE,À L'ÉQUILIBRE
N1123,"Professional occupations in advertising, marketing and public relations","Professionnels/professionnelles en publicité, en marketing et en relations publiques.",201600,45100,20100,8400,73700,95100,11000,"-38,900",67200,BALANCE,À L'ÉQUILIBRE,BALANCE,À L'ÉQUILIBRE
N1211,"Supervisors, general office and administrative support workers",Superviseurs/superviseures de commis de bureau et du personnel de soutien administratif.,36500,5200,9700,1800,16700,5400,1100,"7,900",14300,BALANCE,À L'ÉQUILIBRE,BALANCE,À L'ÉQUILIBRE
N1212,"Supervisors, finance and insurance office workers",Superviseurs/superviseures de commis de finance et d'assurance.,38400,9300,10800,2200,22300,7700,2300,"12,000",22000,BALANCE,À L'ÉQUILIBRE,BALANCE,À L'ÉQUILIBRE
N1213,"Supervisors, library, correspondence and related information workers; Supervisors, mail and message distribution occupations & Supervisors, supply chain, tracking and scheduling co-ordination occupations","Superviseurs/superviseures de commis de bibliothèque, de correspondanciers et d'autres commis à l'information; Superviseurs/superviseures de services postaux et de messageries; Superviseurs/superviseures du personnel de coordination de la chaîne d'approvisionnement, du suivi et des horaires.",102000,13500,29800,5300,48500,19800,7200,"14,700",41700,BALANCE,À L'ÉQUILIBRE,BALANCE,À L'ÉQUILIBRE
N1221,Administrative officers,Agents/agentes d'administration.,198200,29800,57200,10800,97900,48900,21400,"17,500",87800,BALANCE,À L'ÉQUILIBRE,BALANCE,À L'ÉQUILIBRE
N1222,Executive assistants,Adjoints/adjointes de direction.,36700,5400,12200,2100,19700,8500,3100,"6,500",18100,BALANCE,À L'ÉQUILIBRE,BALANCE,À L'ÉQUILIBRE
N1223,Human resources and recruitment officers,Agents/agentes des ressources humaines et de recrutement.,39000,6600,3600,1600,11900,20000,4600,"-10,300",14300,BALANCE,À L'ÉQUILIBRE,BALANCE,À L'ÉQUILIBRE
N1224,Property administrators,Agents/agentes de gestion immobilière.,39900,2600,11900,2500,17000,6900,4900,"4,600",16300,BALANCE,À L'ÉQUILIBRE,BALANCE,À L'ÉQUILIBRE
N1225,Purchasing agents and officers,Agents/agentes aux achats.,69900,15900,17900,3900,37800,18300,4300,"15,700",38200,BALANCE,À L'ÉQUILIBRE,BALANCE,À L'ÉQUILIBRE
N1226,Conference and event planners,Planificateurs/planificatrices de congrès et d'événements.,20400,7500,3800,1100,12400,11400,2600,-1000,13000,SURPLUS,SURPLUS,SURPLUS,SURPLUS
N1227,"Court officers and justices of the peace & Employment insurance, immigration, border services and revenue officers","Juges de paix et officiers/officières de justice; Agents/agentes d'assurance-emploi, d'immigration, de services frontaliers et du revenu.",74300,22000,14400,3800,40200,17000,1400,"24,300",42700,BALANCE,À L'ÉQUILIBRE,BALANCE,À L'ÉQUILIBRE
N1241,Administrative assistants,Adjoints administratifs/adjointes administratives.,227900,-3900,61000,11100,68200,50700,20600,"-14,000",57200,BALANCE,À L'ÉQUILIBRE,BALANCE,À L'ÉQUILIBRE
N1242,Legal administrative assistants,Adjoints administratifs juridiques/adjointes administratives juridiques.,50700,4900,10300,2800,18000,17600,2900,"-2,100",18400,BALANCE,À L'ÉQUILIBRE,BALANCE,À L'ÉQUILIBRE
N1243,Medical administrative assistants,Adjoints administratifs médicaux/adjointes administratives médicales.,91200,16500,20200,4400,41100,22000,3300,"11,200",36400,BALANCE,À L'ÉQUILIBRE,BALANCE,À L'ÉQUILIBRE
N1250,"Court reporters, transcriptionists, records management technician And statistical officers","Sténographes judiciaires, transcripteurs/transcriptrices, techniciens/techniciennes à la gestion des documents et agents/agentes de statistiques",24400,3000,6300,1300,10500,6200,2100,"2,300",10600,BALANCE,À L'ÉQUILIBRE,BALANCE,À L'ÉQUILIBRE
N1311,Accounting technician and bookkeepers,Techniciens/techniciennes en comptabilité et teneurs/teneuses de livres.,206500,36500,66000,14200,116700,33600,11500,"62,800",108000,BALANCE,À L'ÉQUILIBRE,BALANCE,À L'ÉQUILIBRE
N1312,"Insurance adjusters and claims examiners; Insurance underwriters; Assessors, valuators and appraisers & Customs, ship and other brokers","Experts/expertes en sinistres et rédacteurs/rédactrices sinistres; Assureurs/assureures; Estimateurs/estimatrices et évaluateurs/évaluatrices; Courtiers/courtières en douanes, courtiers maritimes/courtières maritimes et autres courtiers/courtières.",84000,10500,15300,4100,29900,25600,3500,-4200,24900,BALANCE,À L'ÉQUILIBRE,BALANCE,À L'ÉQUILIBRE
N1411,General office support workers,Employés de soutien de bureau généraux/employées de soutien de bureau générales.,165500,-5800,40000,8000,42200,41800,20200,"-26,600",35300,BALANCE,À L'ÉQUILIBRE,BALANCE,À L'ÉQUILIBRE
N1414,Receptionists,Réceptionnistes.,142600,3800,29100,6400,39400,47800,13600,"-28,300",33100,BALANCE,À L'ÉQUILIBRE,BALANCE,À L'ÉQUILIBRE
N1415,Personnel  and Court clerks,Commis des services du personnel et des services judiciaires.,11300,900,1700,500,3100,5400,1400,"-3,600",3200,BALANCE,À L'ÉQUILIBRE,BALANCE,À L'ÉQUILIBRE
N1422,Data entry clerks & Desktop publishing operators and related occupations,Commis à la saisie de données; Opérateurs/opératrices d'équipement d'éditique et personnel assimilé.,34700,1600,7000,1700,10300,13500,4400,"-7,600",10300,SURPLUS,SURPLUS,SURPLUS,SURPLUS
N1431,Accounting and related clerks,Commis à la comptabilité et personnel assimilé.,151900,9300,39900,8300,57600,36300,17100,"-2,500",51000,BALANCE,À L'ÉQUILIBRE,BALANCE,À L'ÉQUILIBRE
N1432,Payroll clerks,Administrateurs/administratrices de la paye,46500,6600,13700,2800,23100,9800,2100,"10,700",22600,BALANCE,À L'ÉQUILIBRE,BALANCE,À L'ÉQUILIBRE
N1434,"Banking, insurance and other financial clerks & Collectors","Commis de banque, d'assurance et d'autres services financiers; Agents/agentes de recouvrement.",41100,1300,9500,2100,12900,12900,5000,"-5,200",12700,BALANCE,À L'ÉQUILIBRE,BALANCE,À L'ÉQUILIBRE
N1450,"Library, correspondence and other clerks","Commis de bibliothèque, de correspondance et autres commis",48900,-1100,9600,2600,11000,14900,4700,"-8,600",10900,SURPLUS,SURPLUS,SURPLUS,SURPLUS
N1511,"Mail, postal and related workers",Commis au courrier et aux services postaux et personnel assimilé.,31900,3400,9800,2100,15300,4500,2100,"9,700",16300,BALANCE,À L'ÉQUILIBRE,BALANCE,À L'ÉQUILIBRE
N1512,Letter carriers,Facteurs/factrices.,35700,3700,9400,2100,15200,3800,1100,"8,700",13600,BALANCE,À L'ÉQUILIBRE,BALANCE,À L'ÉQUILIBRE
N1513,"Couriers, messengers and door-to-door distributors",Messagers/messagères et distributeurs/distributrices porte-à-porte.,18700,1100,5100,1200,7500,1900,2800,"1,500",6200,SURPLUS,SURPLUS,SURPLUS,SURPLUS
N1521,Shippers and receivers,Expéditeurs/expéditrices et réceptionnaires.,111500,6700,27300,5600,39600,28500,16900,"-9,800",35500,BALANCE,À L'ÉQUILIBRE,BALANCE,À L'ÉQUILIBRE
N1522,Storekeepers and partspersons; Production logistics co-ordinators & Purchasing and inventory control workers,Magasiniers/magasinières et commis aux pièces; Coordonnateurs/coordonnatrices de la logistique de la production; Commis aux achats et au contrôle de l'inventaire.,54200,5700,14400,2600,22700,15600,11500,"-7,400",19700,BALANCE,À L'ÉQUILIBRE,BALANCE,À L'ÉQUILIBRE
N1525,Dispatchers & Transportation route and crew schedulers,Répartiteurs/répartitrices; Horairistes de trajets et d'équipages.,41500,8700,7300,2100,18100,12800,3200,-900,15200,BALANCE,À L'ÉQUILIBRE,BALANCE,À L'ÉQUILIBRE
N2110,Physical science professionals,Professionnels/professionnelles des sciences physiques,31900,1600,6900,1600,10100,14100,7300,"-11,700",9600,BALANCE,À L'ÉQUILIBRE,BALANCE,À L'ÉQUILIBRE
N2120,Life science professionals,Professionnels/professionnelles des sciences de la vie,35000,4200,5500,1900,11500,15300,4500,"-10,100",9600,BALANCE,À L'ÉQUILIBRE,BALANCE,À L'ÉQUILIBRE
N2131,Civil engineers,Ingénieurs civils/ingénieures civiles.,67000,11600,10600,3900,26100,28100,13500,"-9,200",32300,SHORTAGE,PÉNURIE,SHORTAGE,PÉNURIE
N2132,Mechanical engineers,Ingénieurs mécaniciens/ingénieures mécaniciennes.,47500,4900,5800,2000,12700,24400,11500,"-20,000",15900,BALANCE,À L'ÉQUILIBRE,BALANCE,À L'ÉQUILIBRE
N2133,Electrical and electronics engineers,Ingénieurs électriciens et électroniciens/ingénieures électriciennes et électroniciennes.,42000,3000,7500,2200,12600,18900,12300,"-17,500",13700,SHORTAGE,PÉNURIE,SHORTAGE,PÉNURIE
N2134,Chemical engineers,Ingénieurs chimistes/ingénieures chimistes.,9800,200,1300,500,2000,5000,3100,"-5,900",2200,BALANCE,À L'ÉQUILIBRE,BALANCE,À L'ÉQUILIBRE
N2141,Industrial and manufacturing engineers & Metallurgical and materials engineers,Ingénieurs/ingénieures d'industrie et de fabrication; Ingénieurs/ingénieures métallurgistes et des matériaux.,25300,-500,3100,1100,3800,11100,5300,"-12,200",4200,SHORTAGE,PÉNURIE,SHORTAGE,PÉNURIE
N2143,Mining engineers; Geological engineers & Petroleum engineers,Ingénieurs miniers/ingénieures minières; Ingénieurs géologues/ingénieures géologues; Ingénieurs/ingénieures de l'extraction et du raffinage du pétrole.,23700,1700,3300,1100,6100,9200,4500,"-6,000",7700,BALANCE,À L'ÉQUILIBRE,BALANCE,À L'ÉQUILIBRE
N2146,"Aerospace engineers & Other professional engineers, n.e.c.","Ingénieurs/ingénieures en aérospatiale; Autres ingénieurs/ingénieures, n.c.a..",36400,6300,6500,1800,14600,19800,3400,"-5,100",18100,BALANCE,À L'ÉQUILIBRE,BALANCE,À L'ÉQUILIBRE
N2147,Computer engineers (except software engineers and designers),Ingénieurs informaticiens/ingénieures informaticiennes (sauf ingénieurs/ingénieures et concepteurs/conceptrices en logiciel).,26900,7500,3500,1400,12400,11300,8400,"-5,800",13900,SHORTAGE,PÉNURIE,SHORTAGE,PÉNURIE
N2151,Architects,Architectes.,18200,1600,2800,1000,5400,6500,4700,"-5,600",5700,SHORTAGE,PÉNURIE,SHORTAGE,PÉNURIE
N2152,Landscape architects; Urban and land use planners & Land surveyors,Architectes paysagistes; Urbanistes et planificateurs/planificatrices de l'utilisation des sols; Arpenteurs-géomètres/arpenteuses-géomètres.,15900,500,1400,800,2700,7300,2400,"-7,000",2700,SHORTAGE,PÉNURIE,SHORTAGE,PÉNURIE
N2161,"Mathematicians, statisticians and actuaries","Mathématiciens/mathématiciennes, statisticiens/statisticiennes et actuaires.",14400,1900,2000,700,4600,8400,2600,"-8,200",2800,SHORTAGE,PÉNURIE,SHORTAGE,PÉNURIE
N2171,Information systems analysts and consultants,Analystes et consultants/consultantes en informatique.,288100,69500,59700,14500,143700,104700,47700,"5,400",157800,SHORTAGE,PÉNURIE,SHORTAGE,PÉNURIE
N2172,Database analysts and data administrators,Analystes de bases de données et administrateurs/administratrices de données.,67600,17600,8600,3100,29300,27700,6200,-1100,32700,SHORTAGE,PÉNURIE,SHORTAGE,PÉNURIE
N2173,Software engineers and designers,Ingénieurs/ingénieures et concepteurs/conceptrices en logiciel.,106200,30300,9500,4500,44300,41500,23000,"-15,600",48800,SHORTAGE,PÉNURIE,SHORTAGE,PÉNURIE
N2174,Computer programmers and interactive media developers,Programmeurs/programmeuses et développeurs/développeuses en médias interactifs.,221300,45900,25400,9200,80500,93800,32900,"-36,900",89900,SHORTAGE,PÉNURIE,SHORTAGE,PÉNURIE
N2175,Web designers and developers,Concepteurs/conceptrices et développeurs/développeuses Web.,35100,6300,2700,1400,10400,19700,7200,"-14,200",12700,BALANCE,À L'ÉQUILIBRE,BALANCE,À L'ÉQUILIBRE
N2210,Technical occupations in physical sciences,Travailleurs techniques des sciences physiques,39200,3000,7300,1900,12200,15900,6100,"-7,800",14100,BALANCE,À L'ÉQUILIBRE,BALANCE,À L'ÉQUILIBRE
N2221,Biological technologists and technician,Technologues et techniciens/techniciennes en biologie.,9300,1300,800,400,2500,4900,1000,"-3,700",2200,BALANCE,À L'ÉQUILIBRE,BALANCE,À L'ÉQUILIBRE
N2222,Agricultural and fish products inspectors; Forestry technologists and technician & Conservation and fishery officers,Inspecteurs/inspectrices des produits agricoles et de la pêche; Technologues et techniciens/techniciennes en sciences forestières; Techniciens/techniciennes du milieu naturel et de la pêche.,13700,400,1400,700,2500,6800,800,"-5,100",2500,BALANCE,À L'ÉQUILIBRE,BALANCE,À L'ÉQUILIBRE
N2225,Landscape and horticulture technician and specialists,Techniciens/techniciennes et spécialistes de l'aménagement paysager et de l'horticulture.,15100,3400,3600,800,7800,5300,1200,"1,800",8300,BALANCE,À L'ÉQUILIBRE,BALANCE,À L'ÉQUILIBRE
N2231,Civil engineering technologists and technician,Technologues et techniciens/techniciennes en génie civil.,20100,600,3400,800,4800,10700,2000,"-7,000",5700,BALANCE,À L'ÉQUILIBRE,BALANCE,À L'ÉQUILIBRE
N2232,Mechanical engineering technologists and technician,Technologues et techniciens/techniciennes en génie mécanique.,20500,3400,3900,1100,8400,6300,2400,-700,8000,BALANCE,À L'ÉQUILIBRE,BALANCE,À L'ÉQUILIBRE
N2233,Industrial engineering and manufacturing technologists and technician,Technologues et techniciens/techniciennes en génie industriel et en génie de fabrication.,18400,2500,5000,1200,8700,6600,2600,-600,8600,BALANCE,À L'ÉQUILIBRE,BALANCE,À L'ÉQUILIBRE
N2234,Construction estimators,Estimateurs/estimatrices en construction.,22200,2900,5400,1200,9500,6600,2900,0,9500,BALANCE,À L'ÉQUILIBRE,BALANCE,À L'ÉQUILIBRE
N2241,Electrical and electronics engineering technologists and technician,Technologues et techniciens/techniciennes en génie électronique et électrique.,34600,4500,9400,1900,15900,11900,4300,"-1,700",14600,BALANCE,À L'ÉQUILIBRE,BALANCE,À L'ÉQUILIBRE
N2242,Electronic service technician (household and business equipment),Électroniciens/électroniciennes d'entretien (biens domestiques et commerciaux).,38300,4200,12100,2100,18400,9300,5900,700,16000,BALANCE,À L'ÉQUILIBRE,BALANCE,À L'ÉQUILIBRE
N2243,"Industrial instrument technician and mechanics & Aircraft instrument, electrical and avionics mechanics, technician and inspectors","Techniciens/techniciennes et mécaniciens/mécaniciennes d'instruments industriels; Mécaniciens/mécaniciennes, techniciens/techniciennes et contrôleurs/contrôleuses d'avionique et d'instruments et d'appareillages électriques d'aéronefs.",10700,800,2600,500,3900,2700,1200,200,4100,BALANCE,À L'ÉQUILIBRE,BALANCE,À L'ÉQUILIBRE
N2250,"Technical occupations in architecture, drafting, surveying, geomatics","Travailleurs techniques en architecture, en dessin, en arpentage, en géomatique et en météorologie",64100,2800,6500,3100,12500,20200,9600,"-8,200",21600,BALANCE,À L'ÉQUILIBRE,SURPLUS,SURPLUS
N2261,Non-destructive testers and inspection technician; Engineering inspectors and regulatory officers & Inspectors in public and environmental health and occupational health and safety,"Vérificateurs/vérificatrices et essayeurs/essayeuses des essais non destructifs; Inspecteurs/inspectrices d'ingénierie et officiers/officières de réglementation; Inspecteurs/inspectrices de la santé publique, de l'environnement et de l'hygiène et de la sécurité au travail.",52000,5900,13000,2700,21600,12500,3300,"5,300",21100,BALANCE,À L'ÉQUILIBRE,BALANCE,À L'ÉQUILIBRE
N2264,Construction inspectors,Inspecteurs/inspectrices en construction.,24600,2500,6900,1300,10700,5700,1000,"2,300",9000,BALANCE,À L'ÉQUILIBRE,BALANCE,À L'ÉQUILIBRE
N2270,Transportation officers and controllers,Officiers/officières et contrôleurs/contrôleuses des services de transport,31000,7300,8100,1700,17100,9300,1600,200,11100,SURPLUS,SURPLUS,SHORTAGE,PÉNURIE
N2281,Computer network technician,Techniciens/techniciennes de réseau informatique.,57500,7500,8800,2500,18800,18200,11600,"-8,200",21500,BALANCE,À L'ÉQUILIBRE,BALANCE,À L'ÉQUILIBRE
N2282,User support technician & Information systems testing technician,Agents/agentes de soutien aux utilisateurs; Évaluateurs/évaluatrices de systèmes informatiques.,125000,24000,20900,6000,51000,47000,11800,"-5,700",53200,BALANCE,À L'ÉQUILIBRE,BALANCE,À L'ÉQUILIBRE
N3011,Nursing co-ordinators and supervisors,Coordonnateurs/coordonnatrices et superviseurs/superviseures des soins infirmiers.,29800,13000,8300,1700,23100,7600,700,"13,500",21800,SHORTAGE,PÉNURIE,SHORTAGE,PÉNURIE
N3012,Registered nurses and registered psychiatric nurses,Infirmiers autorisés/infirmières autorisées et infirmiers psychiatriques autorisés/infirmières psychiatriques autorisées.,327000,85200,55100,15100,155400,157600,23300,"-37,100",143700,SHORTAGE,PÉNURIE,SHORTAGE,PÉNURIE
N3111,Specialist physicians,Médecins spécialistes.,45400,14000,13100,2800,29800,21200,7000,"-4,200",24000,SHORTAGE,PÉNURIE,SHORTAGE,PÉNURIE
N3112,General practitioners and family physicians,Omnipraticiens/omnipraticiennes et médecins en médecine familiale.,80700,26100,18300,4500,48900,22600,8500,"-1,600",29400,SHORTAGE,PÉNURIE,SHORTAGE,PÉNURIE
N3113,Dentists,Dentistes.,24200,5900,5900,1700,13500,10000,2000,"-1,500",10500,BALANCE,À L'ÉQUILIBRE,SHORTAGE,PÉNURIE
N3114,Veterinarians,Vétérinaires.,12800,1800,2500,700,5000,5200,900,"-1,800",4300,SHORTAGE,PÉNURIE,SHORTAGE,PÉNURIE
N3120,"Optometrists, chiropractors and other health diagnosing and treating professionals","Optométristes, chiropraticiens/chiropraticiennes et autres professionnels/professionnelles en diagnostic et en traitement de la santé",42000,6500,9000,2300,17900,12800,1700,"2,700",17200,SHORTAGE,PÉNURIE,SHORTAGE,PÉNURIE
N3131,Pharmacists,Pharmaciens/pharmaciennes.,42900,8500,5500,2000,16100,21000,6300,"-7,300",20000,BALANCE,À L'ÉQUILIBRE,BALANCE,À L'ÉQUILIBRE
N3132,Dietitians and nutritionists,Diététistes et nutritionnistes.,16600,1900,1300,800,4000,6600,600,"-3,100",4100,SHORTAGE,PÉNURIE,SHORTAGE,PÉNURIE
N3141,Audiologists and speech-language pathologists,Audiologistes et orthophonistes.,16700,3000,2400,1000,6400,6600,700,"-1,000",6200,SHORTAGE,PÉNURIE,SHORTAGE,PÉNURIE
N3142,Physiotherapists,Physiothérapeutes.,30500,8600,4300,1400,14300,15600,2900,"-4,400",14100,SHORTAGE,PÉNURIE,SHORTAGE,PÉNURIE
N3143,Occupational therapists & Other professional occupations in therapy and assessment,Ergothérapeutes; Autres professionnels/professionnelles en thérapie et en diagnostic.,36600,4300,3300,1500,9100,21700,1300,"-15,300",7600,SHORTAGE,PÉNURIE,SHORTAGE,PÉNURIE
N3211,Medical laboratory technologists & Medical laboratory technician and pathologists' assistants,Technologues de laboratoires médicaux; Techniciens/techniciennes de laboratoire médical et assistants/assistantes en pathologie.,51300,12100,10900,2600,25600,20400,3900,-500,23800,SHORTAGE,PÉNURIE,SHORTAGE,PÉNURIE
N3213,Animal health technologists and veterinary technician,Technologues en santé animale et techniciens/techniciennes vétérinaires.,23100,6100,800,900,7800,17800,700,"-1,100",17300,SHORTAGE,PÉNURIE,BALANCE,À L'ÉQUILIBRE
N3214,"Respiratory therapists, clinical perfusionists and cardiopulmonary technologists; Medical radiation technologists & Medical sonographers","Inhalothérapeutes, perfusionnistes cardiovasculaires et technologues cardiopulmonaires; Technologues en radiation médicale; Technologues en échographie.",46700,10000,8000,2100,20100,19300,1900,-1800,19400,SHORTAGE,PÉNURIE,SHORTAGE,PÉNURIE
N3217,"Cardiology technologists and electrophysiological diagnostic technologists, n.e.c. & Other medical technologists and technician (except dental health)","Technologues en cardiologie et technologues en électrophysiologie diagnostique, n.c.a.; Autres technologues et techniciens/techniciennes des sciences de la santé (sauf soins dentaires).",73800,16100,10200,3200,29600,25900,6100,"-2,400",29600,BALANCE,À L'ÉQUILIBRE,BALANCE,À L'ÉQUILIBRE
N3220,Technical occupations in dental health care,Travailleurs techniques en soins dentaires,38800,3400,5200,1700,10300,15700,2400,"-1,900",16100,SHORTAGE,PÉNURIE,BALANCE,À L'ÉQUILIBRE
N3231,Opticians,Opticiens/opticiennes d'ordonnances.,11400,2200,2600,700,5500,3400,600,"1,300",5300,BALANCE,À L'ÉQUILIBRE,BALANCE,À L'ÉQUILIBRE
N3232,Practitioners of natural healing; Massage therapists & Other technical occupations in therapy and assessment,Praticiens/praticiennes des médecines douces; Massothérapeutes; Autre personnel technique en thérapie et en diagnostic.,66800,19000,13100,3900,36000,22700,5700,-200,28300,BALANCE,À L'ÉQUILIBRE,SHORTAGE,PÉNURIE
N3233,Licensed practical nurses,Infirmiers auxiliaires/infirmières auxiliaires.,71600,13900,10800,3100,27800,31400,9600,"-14,800",26300,SHORTAGE,PÉNURIE,SHORTAGE,PÉNURIE
N3234,Paramedical occupations,Travailleurs ambulanciers et paramédicals.,38300,10900,4500,1800,17200,15800,500,"2,100",18500,SHORTAGE,PÉNURIE,SHORTAGE,PÉNURIE
N3411,Dental assistants,Assistants/assistantes dentaires.,37300,7800,4600,1800,14200,15800,3200,"-2,000",17000,BALANCE,À L'ÉQUILIBRE,BALANCE,À L'ÉQUILIBRE
N3413,"Nurse aides, orderlies and patient service associates & Other assisting occupations in support of health services","Aides-infirmiers/aides-infirmières, aides-soignants/aides-soignantes et préposés/préposées aux bénéficiaires; Autre personnel de soutien des services de santé.",347400,102400,70100,18500,191000,93100,64400,"12,600",170100,SHORTAGE,PÉNURIE,SHORTAGE,PÉNURIE
N4011,University professors and lecturers,Professeurs/professeures et chargés/chargées de cours au niveau universitaire.,63300,6700,18900,4100,29700,15100,11700,"2,600",29500,BALANCE,À L'ÉQUILIBRE,BALANCE,À L'ÉQUILIBRE
N4012,Post-secondary teaching and research assistants,Assistants/assistantes d'enseignement et de recherche au niveau postsecondaire.,98300,15900,4000,3800,23700,34900,13900,"-27,200",21700,BALANCE,À L'ÉQUILIBRE,BALANCE,À L'ÉQUILIBRE
N4021,College and other vocational instructors,Enseignants/enseignantes au niveau collégial et autres instructeurs/instructrices en formation professionnelle.,125000,37100,31300,8400,76800,35200,6600,"29,300",71100,BALANCE,À L'ÉQUILIBRE,BALANCE,À L'ÉQUILIBRE
N4031,Secondary school teachers,Enseignants/enseignantes au niveau secondaire.,168300,6100,38300,7800,52100,57800,3800,"-13,800",47800,BALANCE,À L'ÉQUILIBRE,BALANCE,À L'ÉQUILIBRE
N4032,Elementary school and kindergarten teachers,Enseignants/enseignantes aux niveaux primaire et préscolaire.,353600,43100,62400,15600,121100,133100,6500,"-33,900",105700,BALANCE,À L'ÉQUILIBRE,BALANCE,À L'ÉQUILIBRE
N4033,Educational counsellors,Conseillers/conseillères en information scolaire.,34300,6000,9700,1600,17300,10900,1200,700,12700,BALANCE,À L'ÉQUILIBRE,SHORTAGE,PÉNURIE
N4110,"Judges, lawyers and Quebec notaries","Juges, avocats/avocates (partout au Canada) et notaires (au Québec)",108600,15900,17300,6000,39200,50600,3800,"-4,900",49500,BALANCE,À L'ÉQUILIBRE,BALANCE,À L'ÉQUILIBRE
N4151,Psychologists,Psychologues.,27600,9300,7600,1900,18800,10500,1500,"6,400",18400,SHORTAGE,PÉNURIE,SHORTAGE,PÉNURIE
N4152,Social workers & Probation and parole officers and related occupations,Travailleurs sociaux/travailleuses sociales; Agents/agentes de probation et de libération conditionnelle et personnel assimilé.,68000,8800,10700,3100,22600,31800,3100,"-14,500",20400,BALANCE,À L'ÉQUILIBRE,BALANCE,À L'ÉQUILIBRE
N4153,"Family, marriage and other related counsellors","Thérapeutes conjugaux/thérapeutes conjugales, thérapeutes familiaux/thérapeutes familiales et autres conseillers assimilés/conseillères assimilées.",58800,9300,11400,3400,24100,18000,1200,"3,700",22900,BALANCE,À L'ÉQUILIBRE,BALANCE,À L'ÉQUILIBRE
N4154,Professional occupations in religion,Travailleurs professionnels reliés à la religion.,32300,1000,11900,2500,15400,5200,4300,"3,400",12900,BALANCE,À L'ÉQUILIBRE,BALANCE,À L'ÉQUILIBRE
N4156,Employment counsellors,Conseillers/conseillères en emploi.,15500,1200,3400,800,5400,5900,1300,"-2,700",4500,BALANCE,À L'ÉQUILIBRE,BALANCE,À L'ÉQUILIBRE
N4161,"Natural and applied science policy researchers, consultants and program officers","Recherchistes, experts-conseils/expertes-conseils et agents/agentes de programmes, en sciences naturelles et appliquées.",35600,8200,5800,1700,15700,15500,2300,"-9,800",8000,BALANCE,À L'ÉQUILIBRE,SHORTAGE,PÉNURIE
N4162,Economists and economic policy researchers and analysts & Business development officers and marketing researchers and consultants,"Économistes, recherchistes et analystes des politiques économiques; Agents/agentes de développement économique, recherchistes et experts-conseils/expertes-conseils en marketing.",63900,8400,8700,3300,20400,27800,14200,"-20,500",21500,BALANCE,À L'ÉQUILIBRE,BALANCE,À L'ÉQUILIBRE
N4164,"Social policy researchers, consultants and program officers & Health policy researchers, consultants and program officers","Recherchistes, experts-conseils/expertes-conseils et agents/agentes de programmes en politiques sociales; Recherchistes, experts-conseils/expertes-conseils et agents/agentes de programmes en politiques de la santé.",108600,28300,18700,5700,52700,39800,6700,2400,48900,BALANCE,À L'ÉQUILIBRE,BALANCE,À L'ÉQUILIBRE
N4166,"Education policy researchers, consultants and program officers & Recreation, sports and fitness policy researchers, consultants and program officers","Recherchistes, experts-conseils/expertes-conseils et agents/agentes de programmes en politiques de l'enseignement; Recherchistes, experts-conseils/expertes-conseils et agents/agentes de programme en sports, en loisirs et en conditionnement physique.",39600,9700,6700,2100,18500,15600,2400,"-2,400",15600,BALANCE,À L'ÉQUILIBRE,BALANCE,À L'ÉQUILIBRE
N4168,"Program officers unique to government & Other professional occupations in social science, n.e.c.","Agents/agentes de programmes propres au gouvernement; Autres professionnels/professionnelles des sciences sociales, n.c.a..",10400,-700,3100,600,3100,3400,900,"-1,300",3000,BALANCE,À L'ÉQUILIBRE,BALANCE,À L'ÉQUILIBRE
N4211,Paralegal and related occupations,Techniciens/techniciennes juridiques et personnel assimilé.,41000,8600,7800,2500,18900,14000,1300,"5,200",20500,BALANCE,À L'ÉQUILIBRE,BALANCE,À L'ÉQUILIBRE
N4212,Social and community service workers,Travailleurs/travailleuses des services sociaux et communautaires.,152200,25700,26000,7400,59100,62100,9700,"-20,500",51300,BALANCE,À L'ÉQUILIBRE,BALANCE,À L'ÉQUILIBRE
N4214,Early childhood educators and assistants,Éducateurs/éducatrices et aides-éducateurs/aides-éducatrices de la petite enfance.,229100,54900,42000,11900,108800,73300,22700,"-4,500",91500,BALANCE,À L'ÉQUILIBRE,BALANCE,À L'ÉQUILIBRE
N4215,Instructors of persons with disabilities,Instructeurs/instructrices pour personnes ayant une déficience.,7500,700,800,400,2000,2300,400,"-1,100",1600,BALANCE,À L'ÉQUILIBRE,SHORTAGE,PÉNURIE
N4216,Other instructors & Other religious occupations,Autres instructeurs/instructrices; Autre personnel relié à la religion.,34300,8900,8000,2000,18900,8700,4700,3100,16400,BALANCE,À L'ÉQUILIBRE,BALANCE,À L'ÉQUILIBRE
N4311,Police officers (except commissioned),Policiers/policières (sauf cadres supérieurs).,81100,11700,23700,3500,38900,20700,800,"14,900",36300,BALANCE,À L'ÉQUILIBRE,BALANCE,À L'ÉQUILIBRE
N4312,Firefighters & Non-commissioned ranks of the Canadian Forces,Pompiers/pompières; Sous-officiers/sous-officières des Forces armées canadiennes,35500,3200,10900,1700,15800,7700,600,"5,000",13400,BALANCE,À L'ÉQUILIBRE,BALANCE,À L'ÉQUILIBRE
N4411,Home child care providers,Gardiens/gardiennes d'enfants en milieu familial.,24300,2700,6200,1200,10000,7200,40100,"-37,900",9400,BALANCE,À L'ÉQUILIBRE,BALANCE,À L'ÉQUILIBRE
N4412,"Home support workers, housekeepers and related occupations","Aides familiaux résidents/aides familiales résidentes, aides de maintien à domicile et personnel assimilé.",67100,5800,24500,4200,34500,14500,30700,"-11,400",33800,SHORTAGE,PÉNURIE,SHORTAGE,PÉNURIE
N4413,Elementary and secondary school teacher assistants,Aides-enseignants/aides-enseignantes aux niveaux primaire et secondaire.,110400,2400,27300,5700,35300,21700,10200,-400,31600,BALANCE,À L'ÉQUILIBRE,BALANCE,À L'ÉQUILIBRE
N4420,Legal and public protection support occupations,Travailleurs juridiques et de soutien des services de protection public,32200,5800,7600,1600,15000,10500,1100,"3,100",14700,BALANCE,À L'ÉQUILIBRE,BALANCE,À L'ÉQUILIBRE
N5110,"Librarians, archivists, conservators and curators","Professionnels/professionnelles des bibliothèques, des archives, des musées et des galeries d'art",16900,1300,2800,900,5000,6600,800,"-2,700",4800,BALANCE,À L'ÉQUILIBRE,BALANCE,À L'ÉQUILIBRE
N5121,Authors and writers; Editors & Journalists,"Auteurs/auteures, rédacteurs/rédactrices et écrivains/écrivaines; Réviseurs/réviseures, rédacteurs-réviseurs/rédactrices-réviseures et chefs du service des nouvelles; Journalistes.",51400,7700,12000,3400,23100,17500,4600,"-2,800",19300,BALANCE,À L'ÉQUILIBRE,BALANCE,À L'ÉQUILIBRE
N5125,"Translators, terminologists and interpreters","Traducteurs/traductrices, terminologues et interprètes.",18500,1900,5100,1100,8100,7100,3800,-3100,7700,BALANCE,À L'ÉQUILIBRE,BALANCE,À L'ÉQUILIBRE
N5131,"Producers, directors, choreographers and related occupations & Conductors, composers and arrangers","Producteurs/productrices, réalisateurs/réalisatrices, chorégraphes et personnel assimilé; Chefs d'orchestre, compositeurs/compositrices et arrangeurs/arrangeuses.",48900,8100,5100,2500,15700,14700,2300,"-3,700",13300,BALANCE,À L'ÉQUILIBRE,BALANCE,À L'ÉQUILIBRE
N5133,"Musicians and singers; Dancers; Actors and comedians & Painters, sculptors and other visual artists","Musiciens/musiciennes et chanteurs/chanteuses; Danseurs/danseuses; Acteurs/actrices et comédiens/comédiennes; Peintres, sculpteurs/sculpteures et autres artistes des arts visuels.",67600,20900,18300,5200,44500,19900,7300,"9,900",37100,BALANCE,À L'ÉQUILIBRE,BALANCE,À L'ÉQUILIBRE
N5210,"Technical occupations in libraries, public archives, museums and art galleries","Travailleurs techniques des bibliothèques, des archives publiques, des musées et des galeries d'art",13400,800,2300,700,3800,6000,700,"-3,100",3600,SURPLUS,SURPLUS,SURPLUS,SURPLUS
N5221,Photographers,Photographes.,18900,2800,3000,1000,6800,7500,1900,"-3,800",5700,BALANCE,À L'ÉQUILIBRE,BALANCE,À L'ÉQUILIBRE
N5222,"Film/video camera operators; Graphic arts technician; Broadcast technician; Audio/video recording technician; Other tech. / co-ord. occupations in motion picture, broadcasting, arts & Support occupations in motion picture, broadcasting, photography and the performing arts","Cadreurs/cadreuses de films et cadreurs/cadreuses vidéo; Techniciens/techniciennes en graphisme; Techniciens/techniciennes en radiotélédiffusion; Techniciens/techniciennes en enregistrement audio et vidéo; Autre personnel technique et personnel de coordination du cinéma, de la radiotélédiffusion et des arts de la scène; Personnel de soutien du cinéma, de la radiotélédiffusion, de la photographie et des arts de la scène. ",52000,9300,5200,2600,17000,27400,5600,"-18,800",14200,BALANCE,À L'ÉQUILIBRE,BALANCE,À L'ÉQUILIBRE
N5230,"Announcers and other performers, n.e.c.","Annonceurs/annonceures et autres artistes de spectacle, n.c.a.",11800,1700,2000,700,4500,3500,1100,-300,4300,BALANCE,À L'ÉQUILIBRE,BALANCE,À L'ÉQUILIBRE
N5241,Graphic designers and illustrators,Designers graphiques et illustrateurs/illustratrices.,85900,14100,9300,3800,27300,43600,9300,"-19,900",33000,BALANCE,À L'ÉQUILIBRE,BALANCE,À L'ÉQUILIBRE
N5242,Interior designers and interior decorators,Designers d'intérieur et décorateurs/décoratrices d'intérieur.,25300,2900,5900,1400,10100,9600,2500,"-3,600",8600,BALANCE,À L'ÉQUILIBRE,BALANCE,À L'ÉQUILIBRE
N5243,"Theatre, fashion, exhibit and other creative designers & Artisans and craftspersons; Patternmakers - textile, leather and fur products","Ensembliers/ensemblières de théâtre, dessinateurs/dessinatrices de mode, concepteurs/conceptrices d'expositions et autres concepteurs/conceptrices artistiques; Artisans/artisanes; Patronniers/patronnières de produits textiles et d'articles en cuir et en fourrure.",18300,2700,5700,1000,9400,7100,3500,"-2,400",8200,BALANCE,À L'ÉQUILIBRE,BALANCE,À L'ÉQUILIBRE
N5250,"Athletes, coaches, referees and related occupations","Athlètes, entraîneurs/entraîneuses, arbitres et personnel assimilé des sports et des loisirs",112800,44600,10200,6100,60800,57000,9600,"-16,000",50600,BALANCE,À L'ÉQUILIBRE,BALANCE,À L'ÉQUILIBRE
N6211,Retail sales supervisors,Superviseurs/superviseures des ventes - commerce de détail.,235200,42700,41300,11800,95700,75100,8700,"2,100",85900,BALANCE,À L'ÉQUILIBRE,BALANCE,À L'ÉQUILIBRE
N6221,Technical sales specialists - wholesale trade,Spécialistes des ventes techniques - commerce de gros.,136700,23100,32900,8100,64100,33700,7900,"17,300",58900,BALANCE,À L'ÉQUILIBRE,BALANCE,À L'ÉQUILIBRE
N6222,Retail and wholesale buyers,Acheteurs/acheteuses des commerces de détail et de gros.,27400,5600,6900,1600,14200,9600,5600,-700,14400,BALANCE,À L'ÉQUILIBRE,BALANCE,À L'ÉQUILIBRE
N6231,Insurance agents and brokers,Agents/agentes et courtiers/courtières d'assurance.,90200,15200,20300,5000,40500,24600,6200,"19,900",50600,SHORTAGE,PÉNURIE,BALANCE,À L'ÉQUILIBRE
N6232,Real estate agents and salespersons,Agents/agentes et vendeurs/vendeuses en immobilier.,109800,9600,37500,7000,54000,20800,4800,"19,300",44900,BALANCE,À L'ÉQUILIBRE,BALANCE,À L'ÉQUILIBRE
N6235,Financial sales representatives,Représentants/représentantes des ventes financières.,70800,15400,9100,3400,27900,26600,12200,"-8,900",29900,BALANCE,À L'ÉQUILIBRE,BALANCE,À L'ÉQUILIBRE
N6311,Food service supervisors,Superviseurs/superviseures des services alimentaires.,67600,22400,5500,3100,31000,35000,14500,"-7,800",41700,SHORTAGE,PÉNURIE,BALANCE,À L'ÉQUILIBRE
N6312,"Executive housekeepers & Accommodation, travel, tourism and related services supervisors; Customer and information services supervisors; Cleaning supervisors; Other services supervisors","Gouvernants principaux/gouvernantes principales; Superviseurs/superviseures des services d'hébergement, de voyages, de tourisme et des services connexes; Superviseurs/superviseures des services d'information et des services à la clientèle; Surveillants/surveillantes des services de nettoyage; Surveillants/surveillantes des autres services. ; ",120400,36400,27700,7300,71400,29800,6600,"32,300",68700,BALANCE,À L'ÉQUILIBRE,BALANCE,À L'ÉQUILIBRE
N6321,Chefs,Chefs.,49600,21300,9400,3100,33800,20900,21100,"2,800",44900,SHORTAGE,PÉNURIE,BALANCE,À L'ÉQUILIBRE
N6322,Cooks,Cuisiniers/cuisinières.,163700,36400,28900,8000,73300,63200,55100,"-22,800",95500,SHORTAGE,PÉNURIE,BALANCE,À L'ÉQUILIBRE
N6331,"Butchers, meat cutters and fishmongers - retail and wholesale","Bouchers/bouchères, coupeurs/coupeuses de viande et poissonniers/poissonnières - commerce de gros et de détail.",20500,700,4000,1000,5700,3800,3500,-500,6900,SHORTAGE,PÉNURIE,SHORTAGE,PÉNURIE
N6332,Bakers,Boulangers-pâtissiers/boulangères-pâtissières.,30300,5800,4600,1600,12000,8200,13200,"-10,600",10900,BALANCE,À L'ÉQUILIBRE,BALANCE,À L'ÉQUILIBRE
N6341,Hairstylists and barbers,  Coiffeurs/coiffeuses et barbiers,86500,17700,19700,5100,42500,21200,9600,"4,400",35200,BALANCE,À L'ÉQUILIBRE,BALANCE,À L'ÉQUILIBRE
N6342,"Tailors, dressmakers, furriers and milliners & Shoe repairers and shoemakers; Jewellers, jewellery and watch repairers and related occupations; Upholsterers; Funeral directors and embalmers","Tailleurs/tailleuses, couturiers/couturières, fourreurs/fourreuses et modistes; Cordonniers/cordonnières et fabricants/fabricantes de chaussures; Bijoutiers/bijoutières, réparateurs/réparatrices de bijoux, horlogers-rhabilleurs/horlogères-rhabilleuses et personnel assimilé; Tapissiers-garnisseurs/tapissières-garnisseuses; Directeurs/directrices de funérailles et embaumeurs/embaumeuses. ; ",27800,-900,5500,2000,6600,2800,5200,"-1,000",7000,BALANCE,À L'ÉQUILIBRE,BALANCE,À L'ÉQUILIBRE
N6411,Sales and account representatives - wholesale trade (non-technical),Représentants/représentantes des ventes et des comptes - commerce de gros (non-technique).,250300,34000,47400,15000,96300,56000,7700,"18,500",82300,BALANCE,À L'ÉQUILIBRE,BALANCE,À L'ÉQUILIBRE
N6421,Retail salespersons,Vendeurs/vendeuses - commerce de détail.,527900,45600,78800,24700,149200,191100,72800,"-95,600",168300,SHORTAGE,PÉNURIE,BALANCE,À L'ÉQUILIBRE
N6511,MaÃ®tres d'hÃ´tel and hosts/hostesses,Maîtres d'hôtel et hôtes/hôtesses.,41000,16900,2900,1800,21600,18400,2300,"-2,400",18300,BALANCE,À L'ÉQUILIBRE,BALANCE,À L'ÉQUILIBRE
N6512,Bartenders,Barmans/barmaids.,21700,7000,2700,1500,11200,12200,2600,"-4,700",10000,BALANCE,À L'ÉQUILIBRE,BALANCE,À L'ÉQUILIBRE
N6513,Food and beverage servers,Serveurs/serveuses d'aliments et de boissons.,110900,30000,9800,5200,45000,62400,34300,"-44,700",52100,SHORTAGE,PÉNURIE,BALANCE,À L'ÉQUILIBRE
N6521,Travel counsellors,Conseillers/conseillères en voyages.,9800,-2800,2900,400,500,3800,3200,"-10,300",-3300,BALANCE,À L'ÉQUILIBRE,SURPLUS,SURPLUS
N6522,Pursers and flight attendants,Commissaires et agents/agentes de bord.,6200,6100,2000,800,8900,4300,900,"2,600",7800,BALANCE,À L'ÉQUILIBRE,BALANCE,À L'ÉQUILIBRE
N6523,"Airline ticket and service agents & Ground and water transport ticket agents, cargo service representatives and related clerks","Agents/agentes à la billetterie et aux services aériens; Agents/agentes à la billetterie, représentants/représentantes du service en matière de fret et personnel assimilé dans le transport routier et maritime.",11300,4000,4000,800,8800,5100,2500,200,7800,BALANCE,À L'ÉQUILIBRE,BALANCE,À L'ÉQUILIBRE
N6525,Hotel front desk clerks,Réceptionnistes d'hôtel.,21600,4900,3500,1200,9600,8800,6200,"-6,200",8800,BALANCE,À L'ÉQUILIBRE,BALANCE,À L'ÉQUILIBRE
N6530,Tourism and amusement services occupations,Travailleurs des services de tourisme et de loisirs,7500,2900,2600,700,6200,4000,2900,"-1,700",5100,SURPLUS,SURPLUS,BALANCE,À L'ÉQUILIBRE
N6541,Security guards and related security service occupations,Agents/agentes de sécurité et personnel assimilé des services de sécurité.,120700,15200,23400,7300,45900,40800,22400,"-25,000",38100,BALANCE,À L'ÉQUILIBRE,BALANCE,À L'ÉQUILIBRE
N6551,Customer services representatives - financial institutions,Représentants/représentantes au service à la clientèle - institutions financières.,67900,1200,12100,2900,16200,25600,12400,"-24,400",13700,BALANCE,À L'ÉQUILIBRE,BALANCE,À L'ÉQUILIBRE
N6552,Other customer and information services representatives,Autres préposés/autres préposées aux services d'information et aux services à la clientèle.,183900,18300,28500,8300,55000,69500,30400,"-50,900",49100,BALANCE,À L'ÉQUILIBRE,BALANCE,À L'ÉQUILIBRE
N6561,"Image, social and other personal consultants; Pet groomers and animal care workers & Other personal service occupations","Conseillers/conseillères imagistes, conseillers mondains/conseillères mondaines et autres conseillers/conseillères en soins personnalisés; Soigneurs/soigneuses d'animaux et travailleurs/travailleuses en soins des animaux; Autre personnel de services personnalisés.",31700,5600,5500,1500,12600,12800,2300,"-4,600",10600,BALANCE,À L'ÉQUILIBRE,BALANCE,À L'ÉQUILIBRE
N6562,"Estheticians, electrologists and related occupations","Esthéticiens/esthéticiennes, électrolystes et personnel assimilé.",53600,13100,5600,2500,21200,20700,11500,"-14,600",17600,BALANCE,À L'ÉQUILIBRE,BALANCE,À L'ÉQUILIBRE
N6611,Cashiers,Caissiers/caissières.,319500,28400,38000,13400,79800,88900,53200,"-75,700",66500,BALANCE,À L'ÉQUILIBRE,BALANCE,À L'ÉQUILIBRE
N6621,Service station attendants,Préposés/préposées de stations-service.,8300,-4100,900,200,-3000,2300,1800,"-8,100",-4000,BALANCE,À L'ÉQUILIBRE,SURPLUS,SURPLUS
N6622,"Store shelf stockers, clerks and order fillers","Garnisseurs/garnisseuses de tablettes, commis et préposés/préposées aux commandes dans les magasins.",260800,36600,30000,11200,77800,67500,24500,"-27,600",64400,BALANCE,À L'ÉQUILIBRE,BALANCE,À L'ÉQUILIBRE
N6623,Other sales related occupations,Autres travailleurs assimilés des ventes.,28000,7200,8000,2200,17400,8700,5000,"2,600",16300,BALANCE,À L'ÉQUILIBRE,BALANCE,À L'ÉQUILIBRE
N6711,"Food counter attendants, kitchen helpers and related support occupations","Serveurs/serveuses au comptoir, aides de cuisine et personnel de soutien assimilé.",337900,64200,31900,14000,110000,108500,105800,"-76,700",137600,SHORTAGE,PÉNURIE,BALANCE,À L'ÉQUILIBRE
N6720,"Support occupations in accommodation, travel and amusement services","Travailleurs de soutien en services d'hébergement, de voyage et de loisirs",44100,16700,6200,2500,25400,19200,2700,-700,21200,BALANCE,À L'ÉQUILIBRE,BALANCE,À L'ÉQUILIBRE
N6731,Light duty cleaners,Préposés/préposées à l'entretien ménager et au nettoyage - travaux légers.,213000,41900,66000,13900,121900,32000,66100,"9,900",108000,BALANCE,À L'ÉQUILIBRE,BALANCE,À L'ÉQUILIBRE
N6732,Specialized cleaners,Nettoyeurs spécialisés/nettoyeuses spécialisées.,41200,6200,6700,2100,15000,14000,6800,"-7,900",12900,BALANCE,À L'ÉQUILIBRE,BALANCE,À L'ÉQUILIBRE
N6733,"Janitors, caretakers and building superintendents",Concierges et surintendants/surintendantes d'immeubles.,174600,17500,59500,11300,88300,23500,26700,"28,700",78900,BALANCE,À L'ÉQUILIBRE,BALANCE,À L'ÉQUILIBRE
N6740,"Other service support and related occupations, n.e.c.","Autres services de soutien et personnel assimilé, n.c.a.",35600,1100,10700,2400,14200,9500,7700,"-5,100",12100,BALANCE,À L'ÉQUILIBRE,BALANCE,À L'ÉQUILIBRE
N7201,"Contractors and supervisors, machining, metal forming, shaping and erecting trades and related occupations","Entrepreneurs/entrepreneuses et contremaîtres/contremaîtresses des machinistes et du personnel des métiers du formage, du profilage et du montage des métaux et personnel assimilé.",15400,2100,4900,1000,8000,1800,800,"6,100",8800,BALANCE,À L'ÉQUILIBRE,BALANCE,À L'ÉQUILIBRE
N7202,"Contractors and supervisors, electrical trades and telecommunications occupations",Entrepreneurs/entrepreneuses et contremaîtres/contremaîtresses en électricité et en télécommunications.,33700,5600,7700,1900,15300,5100,1000,"9,000",15000,BALANCE,À L'ÉQUILIBRE,BALANCE,À L'ÉQUILIBRE
N7203,"Contractors and supervisors, pipefitting trades",Entrepreneurs/entrepreneuses et contremaîtres/contremaîtresses en tuyauterie.,11400,1600,3300,700,5700,1500,200,"4,000",5600,BALANCE,À L'ÉQUILIBRE,BALANCE,À L'ÉQUILIBRE
N7204,"Contractors and supervisors, carpentry trades",Entrepreneurs/entrepreneuses et contremaîtres/contremaîtresses en charpenterie.,36000,7400,6600,2000,16000,6300,1600,"8,200",16000,BALANCE,À L'ÉQUILIBRE,BALANCE,À L'ÉQUILIBRE
N7205,"Contractors and supervisors, other construction trades, installers, repairers and servicers",Entrepreneurs/entrepreneuses et contremaîtres/contremaîtresses des autres métiers de la construction et des services de réparation et d'installation.,61000,2800,13900,3100,19800,9500,4500,"1,000",15000,BALANCE,À L'ÉQUILIBRE,SHORTAGE,PÉNURIE
N7231,Machinists and machining and tooling inspectors & Tool and die makers,Machinistes et vérificateurs/vérificatrices d'usinage et d'outillage; Outilleurs-ajusteurs/outilleuses-ajusteuses.,46900,100,11500,2500,14000,11400,4800,"-4,100",12100,BALANCE,À L'ÉQUILIBRE,BALANCE,À L'ÉQUILIBRE
N7233,Sheet metal workers; Boilermakers; Structural metal and platework fabricators and fitters & Ironworkers,Tôliers/tôlières; Chaudronniers/chaudronnières; Assembleurs/assembleuses et ajusteurs/ajusteuses de plaques et de charpentes métalliques; Monteurs/monteuses de charpentes métalliques.,45300,4400,6400,2000,12900,13700,3400,"-2,600",14600,BALANCE,À L'ÉQUILIBRE,BALANCE,À L'ÉQUILIBRE
N7237,Welders and related machine operators,Soudeurs/soudeuses et opérateurs/opératrices de machines à souder et à braser.,79600,-500,14700,3500,17700,34100,13200,"-30,400",16800,SHORTAGE,PÉNURIE,SHORTAGE,PÉNURIE
N7241,Electricians (except industrial and power system),Électriciens/électriciennes (sauf électriciens industriels/électriciennes industrielles et de réseaux électriques).,100700,25400,15300,4900,45600,52800,6900,"-22,400",37200,BALANCE,À L'ÉQUILIBRE,SHORTAGE,PÉNURIE
N7242,Industrial electricians & Power system electricians,Électriciens industriels/électriciennes industrielles; Électriciens/électriciennes de réseaux électriques.,39000,4800,9900,1900,16700,8900,2900,"3,100",15000,BALANCE,À L'ÉQUILIBRE,BALANCE,À L'ÉQUILIBRE
N7244,Electrical power line and cable workers & Telecommunications line and cable workers,Monteurs/monteuses de lignes électriques et de câbles; Monteurs/monteuses de lignes et de câbles de télécommunications.,21600,2600,3500,900,7100,9400,2100,"-4,400",7100,BALANCE,À L'ÉQUILIBRE,BALANCE,À L'ÉQUILIBRE
N7246,Telecommunications installation and repair workers & Cable television service and maintenance technician,Installateurs/installatrices et réparateurs/réparatrices de matériel de télécommunications; Techniciens/techniciennes en montage et en entretien d'installations de câblodistribution.,31000,2000,6300,1600,9900,7700,4500,"-3,800",8400,BALANCE,À L'ÉQUILIBRE,BALANCE,À L'ÉQUILIBRE
N7251,Plumbers,Plombiers/plombières.,54700,4500,5700,2300,12600,23100,4000,"-16,900",10200,BALANCE,À L'ÉQUILIBRE,SHORTAGE,PÉNURIE
N7252,"Steamfitters, pipefitters and sprinkler system installers & Gas fitters","Tuyauteurs/tuyauteuses, monteurs/monteuses d'appareils de chauffage et poseurs/poseuses de gicleurs; Monteurs/monteuses d'installations au gaz.",21500,2600,3200,1000,6800,9100,2900,"-4,000",8000,BALANCE,À L'ÉQUILIBRE,BALANCE,À L'ÉQUILIBRE
N7271,Carpenters,Charpentiers-menuisiers/charpentières-menuisières.,127200,12000,20100,5900,37900,36600,15100,"-18,900",32800,SHORTAGE,PÉNURIE,SHORTAGE,PÉNURIE
N7272,Cabinetmakers,Ébénistes.,3600,-400,1500,200,1300,2300,3100,"-1,600",3800,SHORTAGE,PÉNURIE,BALANCE,À L'ÉQUILIBRE
N7281,Bricklayers,Briqueteurs-maçons/briqueteuses-maçonnes.,10400,-500,2100,500,2100,3600,2200,-3400,2400,BALANCE,À L'ÉQUILIBRE,BALANCE,À L'ÉQUILIBRE
N7282,Concrete finishers & Tilesetters,Finisseurs/finisseuses de béton; Carreleurs/carreleuses.,22100,3800,2500,1100,7400,5800,4700,"-3,600",6800,BALANCE,À L'ÉQUILIBRE,BALANCE,À L'ÉQUILIBRE
N7284,"Plasterers, drywall installers and finishers and lathers","Plâtriers/plâtrières, poseurs/poseuses et finisseurs/finisseuses de systèmes intérieurs et latteurs/latteuses.",31400,4500,4600,1500,10600,6500,5400,"-2,800",9000,BALANCE,À L'ÉQUILIBRE,BALANCE,À L'ÉQUILIBRE
N7291,Roofers and shinglers,Couvreurs/couvreuses et poseurs/poseuses de bardeaux.,23100,3800,2200,1100,7100,5700,3300,-2400,6700,BALANCE,À L'ÉQUILIBRE,BALANCE,À L'ÉQUILIBRE
N7292,Glaziers & Insulators,Vitriers/vitrières; Calorifugeurs/calorifugeuses.,9000,1300,2000,500,3800,4300,3000,"-3,900",3500,BALANCE,À L'ÉQUILIBRE,BALANCE,À L'ÉQUILIBRE
N7294,Painters and decorators (except interior decorators),Peintres et décorateurs/décoratrices (sauf décorateurs/décoratrices d'intérieur).,40300,6200,8800,2400,17400,7700,9800,-500,17100,BALANCE,À L'ÉQUILIBRE,BALANCE,À L'ÉQUILIBRE
N7295,Floor covering installers,Poseurs/poseuses de revêtements d'intérieur.,13400,1800,3000,700,5600,2400,2500,-300,4700,BALANCE,À L'ÉQUILIBRE,BALANCE,À L'ÉQUILIBRE
N7301,"Contractors and supervisors, mechanic trades & Supervisors, printing and related occupations",Entrepreneurs/entrepreneuses et contremaîtres/contremaîtresses en mécanique; Surveillants/surveillantes de l'imprimerie et du personnel assimilé.,70300,9600,21600,4400,35600,7600,900,"23,300",31800,BALANCE,À L'ÉQUILIBRE,BALANCE,À L'ÉQUILIBRE
N7302,"Contractors and supervisors, heavy equipment operator crews",Entrepreneurs/entrepreneuses et contremaîtres/contremaîtresses des équipes d'opérateurs d'équipement lourd.,45900,5100,13100,2500,20700,5900,1800,"13,400",21100,BALANCE,À L'ÉQUILIBRE,BALANCE,À L'ÉQUILIBRE
N7304,"Supervisors, railway transport operations & Supervisors, motor transport and other ground transit operators",Surveillants/surveillantes des opérations du transport ferroviaire; Surveillants/surveillantes du transport routier et du transport en commun.,45000,9400,12300,2800,24500,6700,600,"16,200",23500,BALANCE,À L'ÉQUILIBRE,BALANCE,À L'ÉQUILIBRE
N7311,Construction millwrights and industrial mechanics,Mécaniciens/mécaniciennes de chantier et mécaniciens industriels/mécaniciennes industrielles.,94700,7000,24000,4900,35900,22500,3400,"8,100",34000,SHORTAGE,PÉNURIE,SHORTAGE,PÉNURIE
N7312,Heavy-duty equipment mechanics,Mécaniciens/mécaniciennes d'équipement lourd.,68300,8700,13100,3200,25000,24000,2000,"-3,200",22800,BALANCE,À L'ÉQUILIBRE,BALANCE,À L'ÉQUILIBRE
N7313,Refrigeration and air conditioning mechanics; machine fitters & Elevator constructors and mechanics,"  Mécaniciens/mécaniciennes en chauffage, réfrigération et climatisation; Ajusteurs/ajusteuses de machines; Constructeurs/constructrices et mécaniciens/mécaniciennes d'ascenseurs.",55000,11400,6500,2500,20400,18400,1900,600,20900,SHORTAGE,PÉNURIE,SHORTAGE,PÉNURIE
N7314,Railway carmen/women & Aircraft mechanics and aircraft inspectors,Réparateurs/réparatrices de wagons; Mécaniciens/mécaniciennes et contrôleurs/contrôleuses d'aéronefs.,21900,2300,4700,1200,8200,7300,1400,"-2,800",5800,BALANCE,À L'ÉQUILIBRE,SHORTAGE,PÉNURIE
N7321,"Automotive service technician, truck and bus mechanics and mechanical repairers","Mécaniciens/mécaniciennes et réparateurs/réparatrices de véhicules automobiles, de camions et d'autobus.",129200,19400,27900,6700,54000,45300,13600,"-14,200",44800,BALANCE,À L'ÉQUILIBRE,BALANCE,À L'ÉQUILIBRE
N7322,Motor vehicle body repairers,Débosseleurs/débosseleuses et réparateurs/réparatrices de carrosserie.,24400,-100,6300,1100,7300,6200,2300,"-2,200",6200,BALANCE,À L'ÉQUILIBRE,BALANCE,À L'ÉQUILIBRE
N7330,Other mechanics and related repairers,Autres mécaniciens/mécaniciennes et réparateurs/réparatrices connexes,33400,6200,6100,2100,14500,8600,2100,"7,800",18600,SHORTAGE,PÉNURIE,BALANCE,À L'ÉQUILIBRE
N7360,Train crew operating occupations,Travailleurs des opérations du transport ferroviaire,12000,2600,2200,600,5400,3000,200,1700,4800,BALANCE,À L'ÉQUILIBRE,BALANCE,À L'ÉQUILIBRE
N7370,"Crane operators, drillers and blasters","Grutiers/grutières, foreurs/foreuses et dynamiteurs/dynamiteuses",22400,2800,5400,1200,9500,3900,800,"4,500",9200,BALANCE,À L'ÉQUILIBRE,BALANCE,À L'ÉQUILIBRE
N7380,"Printing press operators and other trades and related occupations, n.e","Travailleurs de l'imprimerie, des métiers et autre personnel assimilé, n.c.a.",27300,1300,7900,1600,10800,3800,2200,4200,10300,BALANCE,À L'ÉQUILIBRE,BALANCE,À L'ÉQUILIBRE
N7441,Residential and commercial installers and servicers,"Travailleurs d'installation, d'entretien et de réparation d'équipement résidentiel et commercial.",52800,4200,8900,2800,15900,12700,6100,"-2,500",16200,SHORTAGE,PÉNURIE,SHORTAGE,PÉNURIE
N7442,"Waterworks and gas maintenance workers; Pest controllers and fumigators & Other installers, repairers and servicers",Travailleurs d'entretien des canalisations d'eau et de gaz; Fumigateurs/fumigatrices et préposés/préposées au contrôle de la vermine; Autres réparateurs/réparatrices et préposés/préposées à l'entretien.,25100,1800,4600,1400,7700,5100,2100,600,7700,BALANCE,À L'ÉQUILIBRE,BALANCE,À L'ÉQUILIBRE
N7450,Longshore workers and material handlers,Débardeurs/débardeuses et manutentionnaires,224300,29200,37500,10700,77500,55300,37100,"-27,100",65300,BALANCE,À L'ÉQUILIBRE,BALANCE,À L'ÉQUILIBRE
N7511,Transport truck drivers,Conducteurs/conductrices de camions de transport.,315600,56000,85100,20600,161700,46300,40900,"57,100",144400,SHORTAGE,PÉNURIE,SHORTAGE,PÉNURIE
N7512,"Bus drivers, subway operators and other transit operators",Conducteurs/conductrices d'autobus et opérateurs/opératrices de métro et autres transports en commun.,92800,15600,37300,7800,60700,6500,5300,"44,400",56200,BALANCE,À L'ÉQUILIBRE,BALANCE,À L'ÉQUILIBRE
N7513,Taxi and limousine drivers and chauffeurs,"Chauffeurs/chauffeuses de taxi, chauffeurs/chauffeuses de limousine et chauffeurs/chauffeuses.",46400,6900,17300,3100,27300,5300,12300,"5,400",23000,BALANCE,À L'ÉQUILIBRE,BALANCE,À L'ÉQUILIBRE
N7514,Delivery and courier service drivers,Chauffeurs-livreurs/chauffeuses-livreuses - services de livraison et de messagerie.,111900,24400,21200,6400,52000,21600,10500,"16,800",48900,BALANCE,À L'ÉQUILIBRE,BALANCE,À L'ÉQUILIBRE
N7521,Heavy equipment operators(except crane),Conducteurs/conductrices d'équipement lourd (sauf les grues).,84500,9700,16800,4700,31200,16400,2700,"11,200",30300,BALANCE,À L'ÉQUILIBRE,BALANCE,À L'ÉQUILIBRE
N7522,Public works maintenance equipment operators and related workers,Conducteurs/conductrices de machinerie d'entretien public et personnel assimilé.,31800,5000,6300,1700,13100,5300,700,"6,300",12300,BALANCE,À L'ÉQUILIBRE,BALANCE,À L'ÉQUILIBRE
N7530,Other transport equipment operators and related maintenance workers,Autres conducteurs/conductrices de matériel de transport et personnel d'entretien assimilé,35400,2900,5800,1500,10200,14200,5200,"-10,600",8800,BALANCE,À L'ÉQUILIBRE,BALANCE,À L'ÉQUILIBRE
N7610,Trades helpers and labourers,Aides de soutien des métiers et manoeuvres,110700,3400,11800,4500,19600,43200,27500,"-52,800",17900,BALANCE,À L'ÉQUILIBRE,BALANCE,À L'ÉQUILIBRE
N7620,"Public works and other labourers, n.e.c.","Manoeuvres aux travaux publics et personnel assimilé, n.c.a.",24500,4000,4900,1200,10100,7600,2200,0,9900,BALANCE,À L'ÉQUILIBRE,BALANCE,À L'ÉQUILIBRE
N8211,"Supervisors, logging and forestry",Surveillants/surveillantes de l'exploitation forestière.,8200,800,2400,500,3700,900,100,2900,3800,BALANCE,À L'ÉQUILIBRE,BALANCE,À L'ÉQUILIBRE
N8220,"Contractors and supervisors, mining, oil and gas","Entrepreneurs/entrepreneuses et surveillants/surveillantes de l'exploitation des mines, du pétrole et du gaz",24500,4800,5400,1300,11500,2400,400,"7,600",10400,BALANCE,À L'ÉQUILIBRE,BALANCE,À L'ÉQUILIBRE
N8231,Underground production and development miners,"Mineurs/mineuses d'extraction et de préparation, mines souterraines.",21300,6000,5800,1200,12900,5500,100,"6,400",12000,BALANCE,À L'ÉQUILIBRE,BALANCE,À L'ÉQUILIBRE
N8232,"Oil and gas well drillers, servicers, testers and related workers",Foreurs/foreuses et personnel de mise à l'essai et des autres services reliés à l'extraction de pétrole et de gaz.,28600,4100,5800,1500,11400,4500,500,"7,400",12500,BALANCE,À L'ÉQUILIBRE,BALANCE,À L'ÉQUILIBRE
N8241,Logging machinary operators,Conducteurs/conductrices de machines d'abattage d'arbres.,11600,1200,4500,800,6500,2200,100,"4,300",6600,BALANCE,À L'ÉQUILIBRE,BALANCE,À L'ÉQUILIBRE
N8252,"Agricultural service contractors, farm supervisors and specialized livestock workers & Contractors and supervisors, landscaping, grounds maintenance and horticulture services","Entrepreneurs/entrepreneuses de services agricoles, surveillants/surveillantes d'exploitations agricoles et ouvriers spécialisés/ouvrières spécialisées dans l'élevage; Entrepreneurs/entrepreneuses et superviseurs/superviseures des services de l'aménagement paysager, de l'entretien des terrains et de l'horticulture.",35300,8500,9300,2000,19800,11900,2000,0,13900,BALANCE,À L'ÉQUILIBRE,SHORTAGE,PÉNURIE
N8260,Fishing vessel masters and fishermen/women,Capitaines de bateaux de pêche et pêcheurs/pêcheuses,12400,-1000,3600,900,3400,1600,100,"2,200",3900,BALANCE,À L'ÉQUILIBRE,BALANCE,À L'ÉQUILIBRE
N8410,Mine service workers and operatorsin oil and gas drilling,Travailleurs d'entretien des mines et du forage des puits de pétrole et de gaz,10200,1100,1500,500,3200,2800,600,300,3700,BALANCE,À L'ÉQUILIBRE,BALANCE,À L'ÉQUILIBRE
N8420,Logging and forestry workers,Travailleurs de l'exploitation forestière,6700,-300,1200,400,1400,2500,400,"-1,600",1200,BALANCE,À L'ÉQUILIBRE,BALANCE,À L'ÉQUILIBRE
N8431,General farm workers,Ouvriers/ouvrières agricoles.,76300,2000,12200,4000,18300,24600,8000,"-17,000",15600,SHORTAGE,PÉNURIE,SHORTAGE,PÉNURIE
N8432,Nursery and greenhouse workers,Ouvriers/ouvrières de pépinières et de serres.,20400,3800,2700,1100,7600,5900,2200,300,8400,SHORTAGE,PÉNURIE,SHORTAGE,PÉNURIE
N8440,Other workers in fishing and trapping and hunting occupations,"Autres travailleurs de la pêche, du trappage et de la chasse",4200,-300,900,300,900,1700,0,-800,900,BALANCE,À L'ÉQUILIBRE,BALANCE,À L'ÉQUILIBRE
N8611,Harvesting labourers; Aquaculture and marine harvest labourers & Logging and forestry labourers,Manoeuvres à la récolte; Manoeuvres de l'aquaculture et de la mariculture; Manoeuvres de l'exploitation forestière.,7700,500,1300,400,2100,4000,3600,"-7,200",400,SHORTAGE,PÉNURIE,SHORTAGE,PÉNURIE
N8612,Landscaping and grounds maintenance labourers,Manoeuvres en aménagement paysager et en entretien des terrains.,78000,23200,11300,4600,39100,32400,4700,"8,100",45200,BALANCE,À L'ÉQUILIBRE,BALANCE,À L'ÉQUILIBRE
N8614,"Mine labourers & Oil and gas drilling, servicing and related labourers","Manoeuvres des mines; Manoeuvres de forage et d'entretien des puits de pétrole et de gaz, et personnel assimilé.",8300,200,600,400,1100,3000,400,"-2,100",1300,BALANCE,À L'ÉQUILIBRE,BALANCE,À L'ÉQUILIBRE
N9211,"Supervisors, mineral and metal processing & Supervisors, petroleum, gas and chemical processing and utilities","Surveillants/surveillantes dans la transformation des métaux et des minerais; Surveillants/surveillantes dans le raffinage du pétrole, dans le traitement du gaz et des produits chimiques et dans les services d'utilité publique.",25400,2800,8200,1400,12500,3700,1500,"9,400",14500,BALANCE,À L'ÉQUILIBRE,BALANCE,À L'ÉQUILIBRE
N9213,"Supervisors, food, beverage and related products processing",Surveillants/surveillantes dans la transformation des aliments et des boissons,23900,3100,7400,1200,11800,4900,3000,"4,100",12000,BALANCE,À L'ÉQUILIBRE,BALANCE,À L'ÉQUILIBRE
N9214,"Supervisors, plastic and rubber products manufacturing; Supervisors, forest products processing & Supervisors, textile, fabric, fur and leather products processing and manufacturing","Surveillants/surveillantes dans la fabrication de produits en caoutchouc et en plastique; Surveillants/surveillantes dans la transformation des produits forestiers; Surveillants/surveillantes dans la transformation et la fabrication de produits textiles, de tissus, de fourrure et de cuir.",25700,2900,9000,1600,13400,3100,900,"9,300",13300,BALANCE,À L'ÉQUILIBRE,BALANCE,À L'ÉQUILIBRE
N9220,"Supervisors, assembly and fabrication",Surveillants/surveillantes dans la fabrication et le montage,57100,7000,18000,3200,28300,8500,1500,"13,700",23700,BALANCE,À L'ÉQUILIBRE,BALANCE,À L'ÉQUILIBRE
N9230,Central control and process operatorsin processing and manufacturing,Opérateurs/opératrices de poste central de contrôle dans les procédés de transformation et de fabrication,15200,200,3300,700,4100,5800,1800,-2700,4900,BALANCE,À L'ÉQUILIBRE,BALANCE,À L'ÉQUILIBRE
N9240,Utilities equipment operators and controllers,Opérateurs/opératrices et contrôleurs/contrôleuses d'équipements d'utilités publiques,41100,2700,9000,1900,13600,11700,1800,"3,700",17100,BALANCE,À L'ÉQUILIBRE,BALANCE,À L'ÉQUILIBRE
N9410,machine operators and related workers in mineral and metal products pr,Opérateurs/opératrices de machines dans le traitement et la fabrication des métaux et des minerais et personnel assimilé,89100,3600,22000,5000,30600,16600,10100,"-1,100",25600,BALANCE,À L'ÉQUILIBRE,BALANCE,À L'ÉQUILIBRE
N9420,"machine operators and related workers in chemical, plastic and rubber","Opérateurs/opératrices de machines dans le traitement de produits chimiques, du caoutchouc et du plastique et personnel assimilé",45800,5400,12900,2400,20700,9200,8000,"1,100",18300,BALANCE,À L'ÉQUILIBRE,BALANCE,À L'ÉQUILIBRE
N9431,Sawmill machine operators; Other wood processing machine operators; Lumber graders and other wood processing inspectors and graders & Woodworking machine operators,Opérateurs/opératrices de machines à scier dans les scieries; Autres opérateurs/opératrices de machines dans la transformation du bois; Classeurs/classeuses de bois d'oeuvre et autres vérificateurs/vérificatrices et classeurs/classeuses dans la transformation du bois; Opérateurs/opératrices de machines à travailler le bois.,29800,-800,7300,1500,8000,5100,3100,"-1,300",6900,BALANCE,À L'ÉQUILIBRE,BALANCE,À L'ÉQUILIBRE
N9432,Pulp mill machine operators; Papermaking and finishing machine operators& Paper converting machine operators,Opérateurs/opératrices de machines dans les usines de pâte à papier; Opérateurs/opératrices de machines dans la fabrication et la finition du papier; Opérateurs/opératrices de machines à façonner le papier.,19600,-1500,3700,900,3100,3500,1200,-2000,2700,BALANCE,À L'ÉQUILIBRE,BALANCE,À L'ÉQUILIBRE
N9441,"Textile fibre and yarn, hide and pelt processing machine operators and workers; Weavers, knitters and other fabric making occupations; Fabric, fur and leather cutters & Inspectors and graders, textile, fabric, fur and leather products manufacturing","Opérateurs/opératrices de machines et travailleurs/travailleuses de traitement des fibres et des fils textiles, du cuir et des peaux; Tisseurs/tisseuses, tricoteurs/tricoteuses et autres opérateurs/opératrices de machines textiles; Coupeurs/coupeuses de tissu, de fourrure et de cuir; Contrôleurs/contrôleuses et trieurs/trieuses dans la fabrication de produits textiles, de tissus, de fourrure et de cuir.",5200,-100,1500,300,1700,1400,2300,"-2,100",1600,BALANCE,À L'ÉQUILIBRE,BALANCE,À L'ÉQUILIBRE
N9446,Industrial sewing machine operators,Opérateurs/opératrices de machines à coudre industrielles.,23200,100,7100,1800,8900,2600,4000,"2,600",9200,BALANCE,À L'ÉQUILIBRE,BALANCE,À L'ÉQUILIBRE
N9461,"Process control and machine operators, food, beverage and related products processing & Testers and graders, food, beverage and related products processing",Opérateurs/opératrices de machines et de procédés industriels dans la transformation des aliments et des boissonsr; Échantillonneurs/échantillonneuses et trieurs/trieuses dans la transformation des aliments et des boissons,73800,7400,10800,3500,21800,15900,12300,"-8,400",19800,BALANCE,À L'ÉQUILIBRE,BALANCE,À L'ÉQUILIBRE
N9462,"Industrial butchers and meat cutters, poultry preparers and related workers","Bouchers industriels/bouchères industrielles, dépeceurs-découpeurs/dépeceuses-découpeuses de viande, préparateurs/préparatrices de volaille et personnel assimilé.",19900,1900,3200,1000,6000,3700,9500,"-8,600",4600,SHORTAGE,PÉNURIE,SHORTAGE,PÉNURIE
N9463,Fish and seafood plant workers,Ouvriers/ouvrières dans les usines de transformation du poisson et de fruits de mer,3800,200,1300,300,1700,700,1200,0,1900,SHORTAGE,PÉNURIE,SHORTAGE,PÉNURIE
N9470,Printing equipment operators and related occupations,Opérateurs/opératrices d'équipement à imprimer et personnel assimilé,8400,-400,2300,500,2400,1700,3200,"-2,300",2600,BALANCE,À L'ÉQUILIBRE,BALANCE,À L'ÉQUILIBRE
N9521,"Aircraft assemblers and aircraft assembly inspectors; Motor vehicle assemblers, inspectors and testers & Mechanical assemblers and inspectors","Monteurs/monteuses d'aéronefs et contrôleurs/contrôleuses de montage d'aéronefs; Assembleurs/assembleuses, contrôleurs/contrôleuses et vérificateurs/vérificatrices de véhicules automobiles; Monteurs/monteuses et contrôleurs/contrôleuses de matériel mécanique.",53000,500,14400,2700,17500,11800,12900,"-14,300",10400,BALANCE,À L'ÉQUILIBRE,SHORTAGE,PÉNURIE
N9523,"Electronics assemblers, fabricators, inspectors and testers","Assembleurs/assembleuses, monteurs/monteuses, contrôleurs/contrôleuses et vérificateurs/vérificatrices de matériel électronique.",17200,1200,5300,1200,7700,2700,4300,500,7500,BALANCE,À L'ÉQUILIBRE,BALANCE,À L'ÉQUILIBRE
N9524,"Assemblers and inspectors, electrical appliance, apparatus and equipment manufacturing & Assemblers, fabricators and inspectors, industrial electrical motors and transformers","Monteurs/monteuses et contrôleurs/contrôleuses dans la fabrication de matériel, d'appareils et d'accessoires électriques; Assembleurs/assembleuses, monteurs/monteuses et contrôleurs/contrôleuses dans la fabrication de transformateurs et de moteurs électriques industriels; Opérateurs/opératrices de machines et contrôleurs/contrôleuses dans la fabrication d'appareils électriques.",18800,1000,5300,1200,7500,3300,3600,-400,6500,BALANCE,À L'ÉQUILIBRE,BALANCE,À L'ÉQUILIBRE
N9531,"Boat assemblers and inspectors; Plastic products assemblers, finishers and inspectors; Industrial painters, coaters and metal finishing process operators& Other products assemblers, finishers and inspectors","Monteurs/monteuses de bateaux et contrôleurs/contrôleuses de montage de bateaux; Assembleurs/assembleuses, finisseurs/finisseuses et contrôleurs/contrôleuses de produits en plastique; Peintres, enduiseurs/enduiseuses et opérateurs/opératrices de procédés dans le finissage du métal - secteur industriel; Monteurs/monteuses, finisseurs/finisseuses et contrôleurs/contrôleuses de produits divers.",52900,6700,13800,3200,23600,10200,11900,-800,21300,BALANCE,À L'ÉQUILIBRE,BALANCE,À L'ÉQUILIBRE
N9532,Furniture and fixture assemblers and inspectors;  Other wood products assemblers and inspectors & Furniture finishers and refinishers,Monteurs/monteuses et contrôleurs/contrôleuses de meubles et d'accessoires; Monteurs/monteuses et contrôleurs/contrôleuses d'autres produits en bois; Finisseurs/finisseuses et restaurateurs/restauratrices de meubles.,35200,500,9200,1900,11500,7400,7500,-300,14500,SHORTAGE,PÉNURIE,BALANCE,À L'ÉQUILIBRE
N9611,Labourers in mineral and metal processing & Labourers in metal fabrication,Manoeuvres dans le traitement des métaux et des minerais; Manoeuvres en métallurgie.,23800,3700,4400,1300,9400,8800,4200,-400,12500,SHORTAGE,PÉNURIE,BALANCE,À L'ÉQUILIBRE
N9613,Labourers in chemical products processing and utilities & Labourers in rubber and plastic products manufacturing,Manoeuvres dans le traitement des produits chimiques et les services d'utilité publique; Manoeuvres dans la fabrication des produits en caoutchouc et en plastique.,17900,1800,3600,1000,6400,5200,4400,"-1,700",7900,SHORTAGE,PÉNURIE,BALANCE,À L'ÉQUILIBRE
N9614,"Labourers in wood, pulp and paper processing",Manoeuvres dans le traitement des pâtes et papiers et la transformation du bois.,18100,-1900,2900,700,1800,5300,2400,"-5,600",2200,SHORTAGE,PÉNURIE,BALANCE,À L'ÉQUILIBRE
N9616,"Labourers in textile processing & Other labourers in processing, manufacturing and utilities","Manoeuvres des produits du textile; Autres manoeuvres des services de transformation, de fabrication et d'utilité publique.",21200,800,5500,1300,7500,5200,30700,"-28,400",7500,BALANCE,À L'ÉQUILIBRE,BALANCE,À L'ÉQUILIBRE
N9617,"Labourers in food, beverage and related products processing & Labourers in fish and seafood processing",Manoeuvres dans la transformation des aliments et des boissons; Manoeuvres dans la transformation du poisson et des fruits de mer.,42600,5000,10200,2400,17600,9700,37100,"-31,200",15500,SHORTAGE,PÉNURIE,SHORTAGE,PÉNURIE
